ptmin,ptmax,sf,err,effMC,errEffMC,effData,errEffData
200.0,10000.0,0.928508182484327,0.024931368649530376,0.8040154029460719,0.010918753032777617,0.746534880478861,0.01729242907613998
