ptmin,ptmax,sf,err,effMC,errEffMC,effData,errEffData
200.0,10000.0,0.9528544540590281,0.020406383502387108,0.7753530017971635,0.008195094046326068,0.7387985612304648,0.01376096506779606
