ptmin,ptmax,sf,err,effMC,errEffMC,effData,errEffData
200.0,10000.0,1.0518118365138733,0.031053058658720538,0.6620701936203357,0.010050383643294303,0.696373266252901,0.01763339402736308
