ptmin,ptmax,sf,err,effMC,errEffMC,effData,errEffData
200.0,10000.0,0.9259244437306744,0.02644194504391378,0.7985782222725923,0.012458537747104592,0.7394230962331809,0.017686499657352694
