ptmin,ptmax,sf,err,effMC,errEffMC,effData,errEffData
200.0,10000.0,0.9562527635419591,0.022076377566722007,0.7688667206731387,0.00925399854846326,0.7352309264391323,0.014484541868322987
