ptmin,ptmax,sf,err,effMC,errEffMC,effData,errEffData
200.0,10000.0,0.9499987357333473,0.020388447047470587,0.7806377716575379,0.007535068956133428,0.7416048961403584,0.014215394918757451
