ptmin,ptmax,sf,err,effMC,errEffMC,effData,errEffData
200.0,10000.0,0.9236272203998999,0.025838394470701978,0.8040816816083297,0.01210870472507286,0.7426717285583788,0.017509122411362765
