ptmin,ptmax,sf,err,effMC,errEffMC,effData,errEffData
200.0,10000.0,0.988209508544588,0.020171845199892905,0.7258023981265248,0.006354463966302237,0.7172448311530965,0.013225717677513127
